{
    "AppName": {
        "label":"The name of the app",
        "description":"The name of the app",
        "defaultValue": null,
        "required":false,
        "variableType": {
            "type":"StringType"
        }
    },
    "AppLabel": {
        "label":"The label of the app",
        "description":"The label of the app",
        "defaultValue": "Mortgage Calculator",
        "required":false,
        "variableType": {
            "type":"StringType"
        }
    },
    "FinancingAmount": {
        "label":"How much do you intend to finance?",
        "description":"The amount (in dollars) you intend to finance for the life of the loan.",
        "defaultValue": 250000,
        "required":true,
        "variableType": {
            "type":"NumberType"
        }
    },
    "LoanTermYears": {
        "label":"How many years do you want to finance this loan?",
        "description":"The number of years for the life of this loan.",
        "defaultValue": 30,
        "required":true,
        "variableType": {
            "type":"NumberType",
            "enums":[1,5,10,15,20,25,30]
        }
    },
    "AnnualPercentageRate": {
        "label":"What's the percentage rate of the loan?",
        "description":"The Annual Percentage Rate (APR) of the loan.",
        "defaultValue": 3.5,
        "required":true,
        "variableType": {
            "type":"NumberType"
        }
    },
    "AmorizedChartType": {
        "label":"What kind of chart would you like to use?",
        "description":"The chart to use when representing the amortized loan.",
        "defaultValue": "line",
        "required":true,
        "variableType": {
            "type":"StringType",
            "enums":["line", "combo", "heatmap"]
        }
    },
  "Overrides": {
    "label": "Overrides",
    "description": "Internal configuration to allow asset creation overrides, not to be displayed in UI.",
    "defaultValue": {
      "createAllDashboards": true,
      "createAllLenses": true,
      "createAllExternalFiles": true,
      "createDataflow": true,
      "createAllDatasetFiles": true,
      "createAllImages": true
    },
    "required": true,
    "excludeSelected": false,
    "excludes": [],
    "variableType": {
      "required": [
        "createAllExternalFiles",
        "createAllDashboards",
        "createAllImages",
        "createAllDatasetFiles",
        "createAllLenses",
        "createDataflow"
      ],
      "type": "ObjectType",
      "properties": {
        "createAllDashboards": {
          "type": "BooleanType",
          "enums": [
            true,
            false
          ]
        },
        "createAllLenses": {
          "type": "BooleanType",
          "enums": [
            true,
            false
          ]
        },
        "createAllExternalFiles": {
          "type": "BooleanType",
          "enums": [
            true,
            false
          ]
        },
        "createDataflow": {
          "type": "BooleanType",
          "enums": [
            true,
            false
          ]
        },
        "createAllDatasetFiles": {
          "type": "BooleanType",
          "enums": [
            true,
            false
          ]
        },
        "createAllImages": {
          "type": "BooleanType",
          "enums": [
            true,
            false
          ]
        }
      },
      "strictValidation": true
    }
  }    
}